time,GHB1-3-1,GHB1-7-1
 1.0000000000000, -12707.48806, -10317.20107
  2.000000000000,  10342.24431,  14090.80777
