time,ICF1,ICF2
 1.0000000000000, -1979.862472,  586.0619430
  2.000000000000, -570.2066882,  110.6324866
