time,RIV2-3-15,RIV2-4-15,RIV2-5-15
 1.0000000000000, -11666.20990, -11722.49128, -11782.63604
  2.000000000000, -9473.677475, -9503.148481, -9538.334168
