time,GHB1-3-1,GHB1-7-1
 1.0000000000000, -2444.791182, -1799.238817
