time,ICF1,ICF2
 1.0000000000000,  13.96957087,  5.434732810
