time,RIV1-3-15,RIV1-4-15,RIV1-5-15
 1.0000000000000,  1225.051295, -207.7585450,  1399.475823
